縣市,鄉鎮市區,號次,總統/副總統,得票數,得票率%
雲林縣,麥寮鄉,1,宋楚瑜/余湘,1134,4.7575
雲林縣,麥寮鄉,2,韓國瑜/張善政,9110,38.2195
雲林縣,麥寮鄉,3,蔡英文/賴清德,13592,57.0230
雲林縣,北港鎮,1,宋楚瑜/余湘,855,3.5927
雲林縣,北港鎮,2,韓國瑜/張善政,7287,30.6202
雲林縣,北港鎮,3,蔡英文/賴清德,15656,65.7870
雲林縣,土庫鎮,1,宋楚瑜/余湘,673,3.9614
雲林縣,虎尾鎮,1,宋楚瑜/余湘,1877,4.5207
雲林縣,土庫鎮,2,韓國瑜/張善政,5572,32.7977
雲林縣,土庫鎮,3,蔡英文/賴清德,10744,63.2409
雲林縣,虎尾鎮,2,韓國瑜/張善政,15707,37.8300
雲林縣,虎尾鎮,3,蔡英文/賴清德,23936,57.6493
嘉義縣,水上鄉,1,宋楚瑜/余湘,1163,3.6796
嘉義縣,水上鄉,2,韓國瑜/張善政,10433,33.0085
嘉義縣,水上鄉,3,蔡英文/賴清德,20011,63.3119
雲林縣,莿桐鄉,1,宋楚瑜/余湘,657,3.6836
雲林縣,莿桐鄉,2,韓國瑜/張善政,5250,29.4349
雲林縣,莿桐鄉,3,蔡英文/賴清德,11929,66.8816
嘉義縣,六腳鄉,1,宋楚瑜/余湘,412,2.9975
雲林縣,斗南鎮,1,宋楚瑜/余湘,1048,3.8185
雲林縣,臺西鄉,1,宋楚瑜/余湘,502,3.9674
雲林縣,臺西鄉,2,韓國瑜/張善政,5340,42.2034
雲林縣,臺西鄉,3,蔡英文/賴清德,6811,53.8291
嘉義縣,六腳鄉,2,韓國瑜/張善政,3666,26.6715
嘉義縣,六腳鄉,3,蔡英文/賴清德,9667,70.3310
雲林縣,斗南鎮,2,韓國瑜/張善政,9595,34.9608
雲林縣,斗南鎮,3,蔡英文/賴清德,16802,61.2206
嘉義縣,布袋鎮,1,宋楚瑜/余湘,493,3.0832
嘉義縣,布袋鎮,2,韓國瑜/張善政,5408,33.8211
嘉義縣,布袋鎮,3,蔡英文/賴清德,10089,63.0957
嘉義縣,義竹鄉,1,宋楚瑜/余湘,384,3.3061
嘉義縣,朴子市,1,宋楚瑜/余湘,823,3.3434
雲林縣,水林鄉,1,宋楚瑜/余湘,463,3.3121
雲林縣,斗六市,1,宋楚瑜/余湘,2890,4.3707
雲林縣,西螺鎮,1,宋楚瑜/余湘,806,2.9891
雲林縣,林內鄉,1,宋楚瑜/余湘,433,3.9685
雲林縣,東勢鄉,1,宋楚瑜/余湘,315,3.7702
嘉義縣,鹿草鄉,1,宋楚瑜/余湘,251,2.7129
雲林縣,褒忠鄉,1,宋楚瑜/余湘,295,3.8497
雲林縣,四湖鄉,1,宋楚瑜/余湘,387,3.2472
嘉義縣,梅山鄉,1,宋楚瑜/余湘,484,4.1311
雲林縣,古坑鄉,1,宋楚瑜/余湘,660,3.4183
雲林縣,口湖鄉,1,宋楚瑜/余湘,521,3.5058
嘉義縣,大埔鄉,1,宋楚瑜/余湘,76,3.4081
嘉義縣,中埔鄉,1,宋楚瑜/余湘,985,3.6395
嘉義市,東區,1,宋楚瑜/余湘,2885,3.9236
雲林縣,二崙鄉,1,宋楚瑜/余湘,411,2.6237
雲林縣,大埤鄉,1,宋楚瑜/余湘,424,3.7108
嘉義縣,溪口鄉,1,宋楚瑜/余湘,304,3.3872
雲林縣,崙背鄉,1,宋楚瑜/余湘,473,3.3682
嘉義縣,新港鄉,1,宋楚瑜/余湘,628,3.2644
雲林縣,元長鄉,1,宋楚瑜/余湘,507,3.4978
雲林縣,元長鄉,2,韓國瑜/張善政,4643,32.0317
雲林縣,元長鄉,3,蔡英文/賴清德,9345,64.4705
嘉義縣,義竹鄉,2,韓國瑜/張善政,3616,31.1322
嘉義縣,義竹鄉,3,蔡英文/賴清德,7615,65.5618
嘉義縣,朴子市,2,韓國瑜/張善政,7657,31.1058
嘉義縣,朴子市,3,蔡英文/賴清德,16136,65.5509
雲林縣,水林鄉,2,韓國瑜/張善政,3605,25.7887
嘉義縣,太保市,1,宋楚瑜/余湘,905,3.9681
雲林縣,水林鄉,3,蔡英文/賴清德,9911,70.8992
雲林縣,斗六市,2,韓國瑜/張善政,25971,39.2774
雲林縣,斗六市,3,蔡英文/賴清德,37261,56.3519
雲林縣,西螺鎮,2,韓國瑜/張善政,8253,30.6063
雲林縣,西螺鎮,3,蔡英文/賴清德,17906,66.4046
雲林縣,林內鄉,2,韓國瑜/張善政,3883,35.5879
雲林縣,林內鄉,3,蔡英文/賴清德,6595,60.4436
雲林縣,東勢鄉,2,韓國瑜/張善政,3097,37.0676
雲林縣,東勢鄉,3,蔡英文/賴清德,4943,59.1622
嘉義縣,鹿草鄉,2,韓國瑜/張善政,2725,29.4531
嘉義縣,鹿草鄉,3,蔡英文/賴清德,6276,67.8340
雲林縣,褒忠鄉,2,韓國瑜/張善政,2553,33.3159
雲林縣,褒忠鄉,3,蔡英文/賴清德,4815,62.8344
雲林縣,四湖鄉,2,韓國瑜/張善政,4382,36.7679
雲林縣,四湖鄉,3,蔡英文/賴清德,7149,59.9849
嘉義縣,梅山鄉,2,韓國瑜/張善政,4306,36.7532
嘉義縣,梅山鄉,3,蔡英文/賴清德,6926,59.1157
雲林縣,古坑鄉,2,韓國瑜/張善政,6915,35.8142
雲林縣,古坑鄉,3,蔡英文/賴清德,11733,60.7676
雲林縣,口湖鄉,2,韓國瑜/張善政,4478,30.1326
雲林縣,口湖鄉,3,蔡英文/賴清德,9862,66.3616
嘉義縣,大埔鄉,2,韓國瑜/張善政,930,41.7040
嘉義縣,大埔鄉,3,蔡英文/賴清德,1224,54.8879
嘉義縣,竹崎鄉,1,宋楚瑜/余湘,846,3.9167
嘉義縣,中埔鄉,2,韓國瑜/張善政,9132,33.7422
嘉義市,東區,2,韓國瑜/張善政,26977,36.6884
雲林縣,二崙鄉,2,韓國瑜/張善政,4398,28.0753
雲林縣,大埤鄉,2,韓國瑜/張善政,3626,31.7346
嘉義縣,溪口鄉,2,韓國瑜/張善政,2305,25.6825
雲林縣,崙背鄉,2,韓國瑜/張善政,4676,33.2977
嘉義縣,新港鄉,2,韓國瑜/張善政,4878,25.3561
嘉義縣,太保市,2,韓國瑜/張善政,6934,30.4029
嘉義縣,太保市,3,蔡英文/賴清德,14968,65.6290
嘉義縣,番路鄉,1,宋楚瑜/余湘,273,3.9303
嘉義縣,阿里山鄉,1,宋楚瑜/余湘,106,3.4834
嘉義縣,竹崎鄉,2,韓國瑜/張善政,7404,34.2778
嘉義縣,中埔鄉,3,蔡英文/賴清德,16947,62.6182
嘉義市,東區,3,蔡英文/賴清德,43668,59.3880
雲林縣,二崙鄉,3,蔡英文/賴清德,10856,69.3010
雲林縣,大埤鄉,3,蔡英文/賴清德,7376,64.5545
嘉義縣,溪口鄉,3,蔡英文/賴清德,6366,70.9304
雲林縣,崙背鄉,3,蔡英文/賴清德,8894,63.3340
嘉義縣,新港鄉,3,蔡英文/賴清德,13732,71.3796
嘉義縣,番路鄉,2,韓國瑜/張善政,2707,38.9721
嘉義縣,番路鄉,3,蔡英文/賴清德,3966,57.0976
嘉義縣,阿里山鄉,2,韓國瑜/張善政,2006,65.9218
嘉義縣,阿里山鄉,3,蔡英文/賴清德,931,30.5948
嘉義縣,竹崎鄉,3,蔡英文/賴清德,13350,61.8056
臺北市,松山區,1,宋楚瑜/余湘,5436,4.3294
臺北市,松山區,2,韓國瑜/張善政,55918,44.5345
臺北市,松山區,3,蔡英文/賴清德,64207,51.1361
臺北市,北投區,1,宋楚瑜/余湘,6443,4.1208
臺北市,大同區,1,宋楚瑜/余湘,3463,4.4317
臺北市,中正區,1,宋楚瑜/余湘,4188,4.4633
臺北市,中正區,2,韓國瑜/張善政,41461,44.1864
臺北市,中正區,3,蔡英文/賴清德,48183,51.3503
臺北市,北投區,2,韓國瑜/張善政,59851,38.2792
臺北市,北投區,3,蔡英文/賴清德,90060,57.6001
臺北市,大同區,2,韓國瑜/張善政,24673,31.5746
臺北市,大同區,3,蔡英文/賴清德,50006,63.9938
臺北市,內湖區,1,宋楚瑜/余湘,8356,4.7193
臺北市,內湖區,2,韓國瑜/張善政,74437,42.0401
臺北市,內湖區,3,蔡英文/賴清德,94269,53.2407
臺北市,士林區,1,宋楚瑜/余湘,7185,4.0536
臺北市,士林區,2,韓國瑜/張善政,65183,36.7748
臺北市,士林區,3,蔡英文/賴清德,104881,59.1716
臺北市,萬華區,1,宋楚瑜/余湘,5008,4.2235
臺北市,萬華區,2,韓國瑜/張善政,46700,39.3847
臺北市,萬華區,3,蔡英文/賴清德,66866,56.3918
嘉義縣,民雄鄉,1,宋楚瑜/余湘,1773,4.0567
彰化縣,田中鎮,1,宋楚瑜/余湘,982,3.9188
嘉義縣,大林鎮,1,宋楚瑜/余湘,720,3.7985
臺北市,南港區,1,宋楚瑜/余湘,3409,4.5245
嘉義市,西區,1,宋楚瑜/余湘,3319,3.7627
臺北市,文山區,1,宋楚瑜/余湘,7502,4.4672
嘉義縣,東石鄉,1,宋楚瑜/余湘,512,3.6092
臺北市,信義區,1,宋楚瑜/余湘,5878,4.2436
臺北市,中山區,1,宋楚瑜/余湘,6367,4.4876
臺北市,中山區,2,韓國瑜/張善政,56491,39.8160
臺北市,中山區,3,蔡英文/賴清德,79022,55.6964
彰化縣,埤頭鄉,1,宋楚瑜/余湘,786,4.5108
彰化縣,埤頭鄉,2,韓國瑜/張善政,6512,37.3716
彰化縣,埤頭鄉,3,蔡英文/賴清德,10127,58.1176
臺北市,南港區,2,韓國瑜/張善政,30968,41.1011
臺北市,南港區,3,蔡英文/賴清德,40969,54.3745
嘉義縣,民雄鄉,2,韓國瑜/張善政,13576,31.0628
嘉義縣,民雄鄉,3,蔡英文/賴清德,28356,64.8804
彰化縣,田中鎮,2,韓國瑜/張善政,10044,40.0814
彰化縣,田中鎮,3,蔡英文/賴清德,14033,55.9998
嘉義縣,大林鎮,2,韓國瑜/張善政,6396,33.7431
嘉義縣,大林鎮,3,蔡英文/賴清德,11839,62.4585
臺北市,大安區,1,宋楚瑜/余湘,7534,4.1395
臺北市,大安區,2,韓國瑜/張善政,85490,46.9723
臺北市,大安區,3,蔡英文/賴清德,88977,48.8882
嘉義市,西區,2,韓國瑜/張善政,29292,33.2079
嘉義市,西區,3,蔡英文/賴清德,55597,63.0294
臺北市,文山區,2,韓國瑜/張善政,82305,49.0097
臺北市,文山區,3,蔡英文/賴清德,78129,46.5231
嘉義縣,東石鄉,2,韓國瑜/張善政,4731,33.3498
嘉義縣,東石鄉,3,蔡英文/賴清德,8943,63.0410
臺北市,信義區,2,韓國瑜/張善政,62353,45.0150
臺北市,信義區,3,蔡英文/賴清德,70285,50.7414
彰化縣,伸港鄉,1,宋楚瑜/余湘,1039,4.7799
彰化縣,伸港鄉,2,韓國瑜/張善政,8491,39.0624
彰化縣,伸港鄉,3,蔡英文/賴清德,12207,56.1577
彰化縣,竹塘鄉,1,宋楚瑜/余湘,286,3.3478
彰化縣,溪州鄉,1,宋楚瑜/余湘,742,4.2385
彰化縣,花壇鄉,1,宋楚瑜/余湘,1352,4.7767
彰化縣,溪湖鎮,1,宋楚瑜/余湘,1434,4.4786
彰化縣,大村鄉,1,宋楚瑜/余湘,1028,4.4997
彰化縣,福興鄉,1,宋楚瑜/余湘,1216,4.3796
彰化縣,田尾鄉,1,宋楚瑜/余湘,710,4.3119
彰化縣,北斗鎮,1,宋楚瑜/余湘,944,4.7696
彰化縣,埔鹽鄉,1,宋楚瑜/余湘,948,4.7756
彰化縣,埔心鄉,1,宋楚瑜/余湘,1017,4.7280
彰化縣,大城鄉,1,宋楚瑜/余湘,320,3.6248
彰化縣,秀水鄉,1,宋楚瑜/余湘,1056,4.4549
彰化縣,芳苑鄉,1,宋楚瑜/余湘,761,4.0715
彰化縣,永靖鄉,1,宋楚瑜/余湘,976,4.3380
彰化縣,永靖鄉,2,韓國瑜/張善政,8217,36.5216
彰化縣,永靖鄉,3,蔡英文/賴清德,13306,59.1404
彰化縣,竹塘鄉,2,韓國瑜/張善政,2939,34.4024
彰化縣,田尾鄉,2,韓國瑜/張善政,6256,37.9934
彰化縣,溪州鄉,2,韓國瑜/張善政,5801,33.1372
彰化縣,花壇鄉,2,韓國瑜/張善政,11428,40.3759
彰化縣,溪湖鎮,2,韓國瑜/張善政,12795,39.9606
彰化縣,大村鄉,2,韓國瑜/張善政,8498,37.1969
彰化縣,福興鄉,2,韓國瑜/張善政,9368,33.7403
彰化縣,竹塘鄉,3,蔡英文/賴清德,5318,62.2498
彰化縣,芳苑鄉,2,韓國瑜/張善政,6659,35.6268
彰化縣,芳苑鄉,3,蔡英文/賴清德,11271,60.3017
彰化縣,北斗鎮,2,韓國瑜/張善政,7537,38.0810
彰化縣,北斗鎮,3,蔡英文/賴清德,11311,57.1494
彰化縣,二水鄉,1,宋楚瑜/余湘,344,3.6040
彰化縣,二水鄉,2,韓國瑜/張善政,3844,40.2724
彰化縣,埔鹽鄉,2,韓國瑜/張善政,8768,44.1691
彰化縣,芬園鄉,1,宋楚瑜/余湘,682,4.6240
彰化縣,埔鹽鄉,3,蔡英文/賴清德,10135,51.0554
彰化縣,埔心鄉,2,韓國瑜/張善政,7468,34.7187
彰化縣,二水鄉,3,蔡英文/賴清德,5357,56.1236
彰化縣,芬園鄉,2,韓國瑜/張善政,5304,35.9618
彰化縣,大城鄉,2,韓國瑜/張善政,3901,44.1889
彰化縣,芬園鄉,3,蔡英文/賴清德,8763,59.4142
彰化縣,大城鄉,3,蔡英文/賴清德,4607,52.1862
彰化縣,埔心鄉,3,蔡英文/賴清德,13025,60.5532
彰化縣,秀水鄉,2,韓國瑜/張善政,8559,36.1078
彰化縣,秀水鄉,3,蔡英文/賴清德,14089,59.4372
彰化縣,福興鄉,3,蔡英文/賴清德,17181,61.8801
彰化縣,田尾鄉,3,蔡英文/賴清德,9500,57.6946
彰化縣,溪湖鎮,3,蔡英文/賴清德,17790,55.5608
彰化縣,花壇鄉,3,蔡英文/賴清德,15524,54.8474
彰化縣,溪州鄉,3,蔡英文/賴清德,10963,62.6242
彰化縣,大村鄉,3,蔡英文/賴清德,13320,58.3034
彰化縣,彰化市,1,宋楚瑜/余湘,7159,5.0197
彰化縣,彰化市,2,韓國瑜/張善政,56291,39.4695
彰化縣,彰化市,3,蔡英文/賴清德,79169,55.5108
彰化縣,線西鄉,1,宋楚瑜/余湘,577,5.8142
彰化縣,線西鄉,2,韓國瑜/張善政,4159,41.9085
彰化縣,線西鄉,3,蔡英文/賴清德,5188,52.2773
彰化縣,員林市,1,宋楚瑜/余湘,3337,4.4944
彰化縣,員林市,2,韓國瑜/張善政,29289,39.4475
彰化縣,員林市,3,蔡英文/賴清德,41622,56.0581
彰化縣,和美鎮,1,宋楚瑜/余湘,2682,4.9651
彰化縣,和美鎮,2,韓國瑜/張善政,20535,38.0158
彰化縣,和美鎮,3,蔡英文/賴清德,30800,57.0191
花蓮縣,富里鄉,1,宋楚瑜/余湘,228,4.4627
花蓮縣,富里鄉,2,韓國瑜/張善政,3141,61.4797
花蓮縣,富里鄉,3,蔡英文/賴清德,1740,34.0575
彰化縣,二林鎮,1,宋楚瑜/余湘,1212,4.2059
彰化縣,二林鎮,2,韓國瑜/張善政,12546,43.5368
彰化縣,二林鎮,3,蔡英文/賴清德,15059,52.2573
花蓮縣,光復鄉,1,宋楚瑜/余湘,209,2.9781
花蓮縣,光復鄉,2,韓國瑜/張善政,4741,67.5549
花蓮縣,光復鄉,3,蔡英文/賴清德,2068,29.4671
彰化縣,社頭鄉,1,宋楚瑜/余湘,1145,4.3521
彰化縣,社頭鄉,2,韓國瑜/張善政,9454,35.9345
彰化縣,社頭鄉,3,蔡英文/賴清德,15710,59.7134
花蓮縣,瑞穗鄉,1,宋楚瑜/余湘,211,3.4790
花蓮縣,瑞穗鄉,2,韓國瑜/張善政,3856,63.5779
花蓮縣,瑞穗鄉,3,蔡英文/賴清德,1998,32.9431
花蓮縣,吉安鄉,1,宋楚瑜/余湘,1900,3.7867
花蓮縣,吉安鄉,2,韓國瑜/張善政,28957,57.7120
花蓮縣,吉安鄉,3,蔡英文/賴清德,19318,38.5012
花蓮縣,豐濱鄉,1,宋楚瑜/余湘,61,2.6884
花蓮縣,豐濱鄉,2,韓國瑜/張善政,1647,72.5870
花蓮縣,豐濱鄉,3,蔡英文/賴清德,561,24.7245
花蓮縣,卓溪鄉,1,宋楚瑜/余湘,76,2.6225
花蓮縣,卓溪鄉,2,韓國瑜/張善政,2291,79.0545
花蓮縣,卓溪鄉,3,蔡英文/賴清德,531,18.3230
金門縣,烈嶼鄉,1,宋楚瑜/余湘,92,2.4878
花蓮縣,萬榮鄉,1,宋楚瑜/余湘,93,2.8981
金門縣,烈嶼鄉,2,韓國瑜/張善政,2968,80.2596
金門縣,烈嶼鄉,3,蔡英文/賴清德,638,17.2526
花蓮縣,萬榮鄉,2,韓國瑜/張善政,2410,75.1013
花蓮縣,萬榮鄉,3,蔡英文/賴清德,706,22.0006
金門縣,烏坵鄉,1,宋楚瑜/余湘,2,1.7699
金門縣,烏坵鄉,2,韓國瑜/張善政,96,84.9558
金門縣,烏坵鄉,3,蔡英文/賴清德,15,13.2743
連江縣,莒光鄉,1,宋楚瑜/余湘,14,2.2152
連江縣,莒光鄉,2,韓國瑜/張善政,513,81.1709
連江縣,莒光鄉,3,蔡英文/賴清德,105,16.6139
金門縣,金湖鎮,1,宋楚瑜/余湘,415,3.8390
金門縣,金湖鎮,2,韓國瑜/張善政,8121,75.1249
金門縣,金湖鎮,3,蔡英文/賴清德,2274,21.0361
金門縣,金寧鄉,1,宋楚瑜/余湘,437,3.9253
金門縣,金寧鄉,2,韓國瑜/張善政,7535,67.6817
金門縣,金寧鄉,3,蔡英文/賴清德,3161,28.3931
桃園市,龍潭區,1,宋楚瑜/余湘,3468,4.7298
桃園市,龍潭區,2,韓國瑜/張善政,34250,46.7111
桃園市,龍潭區,3,蔡英文/賴清德,35605,48.5591
連江縣,東引鄉,1,宋楚瑜/余湘,35,5.1775
連江縣,東引鄉,2,韓國瑜/張善政,505,74.7041
連江縣,東引鄉,3,蔡英文/賴清德,136,20.1183
桃園市,中壢區,1,宋楚瑜/余湘,11902,4.8382
桃園市,中壢區,2,韓國瑜/張善政,107499,43.6986
桃園市,中壢區,3,蔡英文/賴清德,126600,51.4632
連江縣,南竿鄉,1,宋楚瑜/余湘,114,3.0215
連江縣,南竿鄉,2,韓國瑜/張善政,2875,76.1993
連江縣,南竿鄉,3,蔡英文/賴清德,784,20.7792
連江縣,北竿鄉,1,宋楚瑜/余湘,25,2.2543
連江縣,北竿鄉,2,韓國瑜/張善政,883,79.6213
連江縣,北竿鄉,3,蔡英文/賴清德,201,18.1244
金門縣,金城鎮,1,宋楚瑜/余湘,505,3.3296
金門縣,金城鎮,2,韓國瑜/張善政,11492,75.7698
金門縣,金城鎮,3,蔡英文/賴清德,3170,20.9006
花蓮縣,新城鄉,1,宋楚瑜/余湘,451,3.8930
花蓮縣,新城鄉,2,韓國瑜/張善政,7130,61.5451
花蓮縣,新城鄉,3,蔡英文/賴清德,4004,34.5619
桃園市,八德區,1,宋楚瑜/余湘,5630,4.6870
桃園市,八德區,2,韓國瑜/張善政,50043,41.6612
桃園市,八德區,3,蔡英文/賴清德,64446,53.6518
桃園市,平鎮區,1,宋楚瑜/余湘,6637,4.9160
桃園市,平鎮區,2,韓國瑜/張善政,57200,42.3675
桃園市,平鎮區,3,蔡英文/賴清德,71172,52.7165
金門縣,金沙鎮,1,宋楚瑜/余湘,185,2.5987
金門縣,金沙鎮,2,韓國瑜/張善政,5736,80.5731
金門縣,金沙鎮,3,蔡英文/賴清德,1198,16.8282
花蓮縣,秀林鄉,1,宋楚瑜/余湘,257,3.0778
花蓮縣,秀林鄉,2,韓國瑜/張善政,5938,71.1138
花蓮縣,秀林鄉,3,蔡英文/賴清德,2155,25.8084
桃園市,大溪區,1,宋楚瑜/余湘,2393,4.2489
桃園市,大溪區,2,韓國瑜/張善政,21126,37.5107
桃園市,大溪區,3,蔡英文/賴清德,32801,58.2404
桃園市,楊梅區,1,宋楚瑜/余湘,4906,4.9458
桃園市,楊梅區,2,韓國瑜/張善政,42840,43.1877
桃園市,楊梅區,3,蔡英文/賴清德,51449,51.8665
花蓮縣,壽豐鄉,1,宋楚瑜/余湘,349,3.3169
花蓮縣,壽豐鄉,2,韓國瑜/張善政,6333,60.1882
花蓮縣,壽豐鄉,3,蔡英文/賴清德,3840,36.4950
花蓮縣,玉里鎮,1,宋楚瑜/余湘,410,3.4465
花蓮縣,玉里鎮,2,韓國瑜/張善政,7550,63.4667
花蓮縣,玉里鎮,3,蔡英文/賴清德,3936,33.0868
桃園市,大園區,1,宋楚瑜/余湘,2594,4.7979
桃園市,大園區,2,韓國瑜/張善政,18096,33.4708
桃園市,大園區,3,蔡英文/賴清德,33375,61.7312
花蓮縣,鳳林鎮,1,宋楚瑜/余湘,221,3.3766
花蓮縣,鳳林鎮,2,韓國瑜/張善政,4044,61.7876
花蓮縣,鳳林鎮,3,蔡英文/賴清德,2280,34.8358
花蓮縣,花蓮市,1,宋楚瑜/余湘,2403,4.0338
花蓮縣,花蓮市,2,韓國瑜/張善政,33796,56.7323
新竹縣,竹北市,1,宋楚瑜/余湘,6576,6.2003
花蓮縣,花蓮市,3,蔡英文/賴清德,23372,39.2339
新竹縣,竹北市,2,韓國瑜/張善政,42591,40.1578
新竹縣,竹北市,3,蔡英文/賴清德,56892,53.6418
桃園市,桃園區,1,宋楚瑜/余湘,12661,4.8320
桃園市,桃園區,2,韓國瑜/張善政,102460,39.1031
桃園市,桃園區,3,蔡英文/賴清德,146904,56.0649
桃園市,蘆竹區,1,宋楚瑜/余湘,4593,4.8973
桃園市,蘆竹區,2,韓國瑜/張善政,33227,35.4282
桃園市,蘆竹區,3,蔡英文/賴清德,55967,59.6746
桃園市,觀音區,1,宋楚瑜/余湘,1913,4.8609
桃園市,觀音區,2,韓國瑜/張善政,12106,30.7610
桃園市,觀音區,3,蔡英文/賴清德,25336,64.3781
桃園市,復興區,1,宋楚瑜/余湘,233,3.6902
桃園市,復興區,2,韓國瑜/張善政,4043,64.0323
桃園市,復興區,3,蔡英文/賴清德,2038,32.2775
新竹縣,湖口鄉,1,宋楚瑜/余湘,2630,5.8532
新竹縣,湖口鄉,2,韓國瑜/張善政,22354,49.7496
新竹縣,湖口鄉,3,蔡英文/賴清德,19949,44.3972
桃園市,新屋區,1,宋楚瑜/余湘,1392,4.5313
桃園市,新屋區,2,韓國瑜/張善政,10891,35.4525
桃園市,新屋區,3,蔡英文/賴清德,18437,60.0163
新竹縣,五峰鄉,1,宋楚瑜/余湘,93,3.6286
新竹縣,五峰鄉,2,韓國瑜/張善政,1882,73.4296
新竹縣,五峰鄉,3,蔡英文/賴清德,588,22.9419
新竹縣,芎林鄉,1,宋楚瑜/余湘,712,5.6245
新竹縣,芎林鄉,2,韓國瑜/張善政,6554,51.7734
新竹縣,芎林鄉,3,蔡英文/賴清德,5393,42.6021
苗栗縣,苗栗市,1,宋楚瑜/余湘,2366,4.4415
苗栗縣,苗栗市,2,韓國瑜/張善政,30335,56.9457
苗栗縣,苗栗市,3,蔡英文/賴清德,20569,38.6127
新竹縣,關西鎮,1,宋楚瑜/余湘,772,4.4213
新竹縣,關西鎮,2,韓國瑜/張善政,9016,51.6351
新竹縣,關西鎮,3,蔡英文/賴清德,7673,43.9436
新竹縣,新埔鎮,1,宋楚瑜/余湘,993,4.8155
新竹縣,新埔鎮,2,韓國瑜/張善政,9446,45.8077
新竹縣,新埔鎮,3,蔡英文/賴清德,10182,49.3768
新竹縣,峨眉鄉,1,宋楚瑜/余湘,144,3.9790
新竹縣,北埔鄉,1,宋楚瑜/余湘,287,4.9228
新竹縣,北埔鄉,2,韓國瑜/張善政,3220,55.2316
新竹縣,北埔鄉,3,蔡英文/賴清德,2323,39.8456
新竹縣,峨眉鄉,2,韓國瑜/張善政,1882,52.0033
新竹縣,峨眉鄉,3,蔡英文/賴清德,1593,44.0177
新竹縣,橫山鄉,1,宋楚瑜/余湘,389,4.8042
新竹縣,橫山鄉,2,韓國瑜/張善政,4685,57.8609
新竹縣,橫山鄉,3,蔡英文/賴清德,3023,37.3348
新竹縣,寶山鄉,1,宋楚瑜/余湘,563,5.9830
桃園市,龜山區,1,宋楚瑜/余湘,4810,5.0681
新竹縣,寶山鄉,2,韓國瑜/張善政,4594,48.8204
桃園市,龜山區,2,韓國瑜/張善政,35968,37.8978
桃園市,龜山區,3,蔡英文/賴清德,54130,57.0342
新竹縣,寶山鄉,3,蔡英文/賴清德,4253,45.1966
新竹縣,新豐鄉,1,宋楚瑜/余湘,1866,5.7303
新竹縣,新豐鄉,2,韓國瑜/張善政,14817,45.5012
新竹縣,新豐鄉,3,蔡英文/賴清德,15881,48.7686
新竹縣,尖石鄉,1,宋楚瑜/余湘,208,4.4406
新竹縣,尖石鄉,2,韓國瑜/張善政,3291,70.2605
新竹縣,尖石鄉,3,蔡英文/賴清德,1185,25.2989
苗栗縣,後龍鎮,1,宋楚瑜/余湘,851,4.0796
苗栗縣,後龍鎮,2,韓國瑜/張善政,9175,43.9837
苗栗縣,後龍鎮,3,蔡英文/賴清德,10834,51.9367
苗栗縣,造橋鄉,1,宋楚瑜/余湘,368,4.7527
苗栗縣,造橋鄉,2,韓國瑜/張善政,4180,53.9842
苗栗縣,造橋鄉,3,蔡英文/賴清德,3195,41.2631
苗栗縣,三灣鄉,1,宋楚瑜/余湘,179,4.2905
苗栗縣,三灣鄉,2,韓國瑜/張善政,2473,59.2761
苗栗縣,三灣鄉,3,蔡英文/賴清德,1520,36.4334
新竹縣,竹東鎮,1,宋楚瑜/余湘,3202,5.6633
新竹縣,竹東鎮,2,韓國瑜/張善政,29892,52.8697
新竹縣,竹東鎮,3,蔡英文/賴清德,23445,41.4670
苗栗縣,大湖鄉,1,宋楚瑜/余湘,298,3.5059
苗栗縣,大湖鄉,2,韓國瑜/張善政,5103,60.0353
苗栗縣,大湖鄉,3,蔡英文/賴清德,3099,36.4588
苗栗縣,頭屋鄉,1,宋楚瑜/余湘,278,4.0937
苗栗縣,頭屋鄉,2,韓國瑜/張善政,3971,58.4745
苗栗縣,頭屋鄉,3,蔡英文/賴清德,2542,37.4319
苗栗縣,泰安鄉,1,宋楚瑜/余湘,102,2.8200
苗栗縣,泰安鄉,2,韓國瑜/張善政,2743,75.8363
苗栗縣,泰安鄉,3,蔡英文/賴清德,772,21.3437
苗栗縣,西湖鄉,1,宋楚瑜/余湘,217,5.0035
苗栗縣,西湖鄉,2,韓國瑜/張善政,2618,60.3643
苗栗縣,西湖鄉,3,蔡英文/賴清德,1502,34.6322
苗栗縣,通霄鎮,1,宋楚瑜/余湘,893,4.4121
苗栗縣,通霄鎮,2,韓國瑜/張善政,7952,39.2885
苗栗縣,通霄鎮,3,蔡英文/賴清德,11395,56.2994
苗栗縣,竹南鎮,1,宋楚瑜/余湘,2718,5.4631
苗栗縣,竹南鎮,2,韓國瑜/張善政,21395,43.0033
苗栗縣,竹南鎮,3,蔡英文/賴清德,25639,51.5336
苗栗縣,三義鄉,1,宋楚瑜/余湘,476,4.6648
苗栗縣,三義鄉,2,韓國瑜/張善政,5756,56.4093
苗栗縣,三義鄉,3,蔡英文/賴清德,3972,38.9259
苗栗縣,頭份市,1,宋楚瑜/余湘,3126,5.2054
苗栗縣,頭份市,2,韓國瑜/張善政,32116,53.4794
苗栗縣,頭份市,3,蔡英文/賴清德,24811,41.3152
苗栗縣,南庄鄉,1,宋楚瑜/余湘,230,3.9635
苗栗縣,南庄鄉,2,韓國瑜/張善政,3744,64.5184
苗栗縣,南庄鄉,3,蔡英文/賴清德,1829,31.5182
苗栗縣,銅鑼鄉,1,宋楚瑜/余湘,451,4.1540
苗栗縣,銅鑼鄉,2,韓國瑜/張善政,6292,57.9534
苗栗縣,銅鑼鄉,3,蔡英文/賴清德,4114,37.8926
苗栗縣,公館鄉,1,宋楚瑜/余湘,938,4.6634
苗栗縣,公館鄉,2,韓國瑜/張善政,11043,54.9021
苗栗縣,公館鄉,3,蔡英文/賴清德,8133,40.4345
屏東縣,滿州鄉,1,宋楚瑜/余湘,118,2.8936
屏東縣,滿州鄉,2,韓國瑜/張善政,1559,38.2295
屏東縣,滿州鄉,3,蔡英文/賴清德,2401,58.8769
屏東縣,泰武鄉,1,宋楚瑜/余湘,95,2.8928
屏東縣,泰武鄉,2,韓國瑜/張善政,2392,72.8380
屏東縣,泰武鄉,3,蔡英文/賴清德,797,24.2692
苗栗縣,獅潭鄉,1,宋楚瑜/余湘,84,3.1285
苗栗縣,獅潭鄉,2,韓國瑜/張善政,1737,64.6927
苗栗縣,獅潭鄉,3,蔡英文/賴清德,864,32.1788
苗栗縣,卓蘭鎮,1,宋楚瑜/余湘,416,4.0526
苗栗縣,卓蘭鎮,2,韓國瑜/張善政,4363,42.5037
苗栗縣,卓蘭鎮,3,蔡英文/賴清德,5486,53.4437
屏東縣,新園鄉,1,宋楚瑜/余湘,601,2.6439
屏東縣,新園鄉,2,韓國瑜/張善政,5670,24.9428
屏東縣,萬巒鄉,1,宋楚瑜/余湘,252,1.9440
屏東縣,新園鄉,3,蔡英文/賴清德,16461,72.4133
屏東縣,萬巒鄉,2,韓國瑜/張善政,3684,28.4193
屏東縣,萬巒鄉,3,蔡英文/賴清德,9027,69.6367
屏東縣,潮州鎮,1,宋楚瑜/余湘,950,2.8202
屏東縣,枋寮鄉,1,宋楚瑜/余湘,373,2.4893
屏東縣,潮州鎮,2,韓國瑜/張善政,11543,34.2665
屏東縣,潮州鎮,3,蔡英文/賴清德,21193,62.9134
屏東縣,枋寮鄉,2,韓國瑜/張善政,4990,33.3022
屏東縣,枋寮鄉,3,蔡英文/賴清德,9621,64.2085
屏東縣,車城鄉,1,宋楚瑜/余湘,113,2.3690
屏東縣,車城鄉,2,韓國瑜/張善政,1616,33.8784
屏東縣,車城鄉,3,蔡英文/賴清德,3041,63.7526
屏東縣,崁頂鄉,1,宋楚瑜/余湘,245,2.7584
屏東縣,崁頂鄉,2,韓國瑜/張善政,2476,27.8766
屏東縣,崁頂鄉,3,蔡英文/賴清德,6161,69.3650
屏東縣,林邊鄉,1,宋楚瑜/余湘,264,2.3051
屏東縣,屏東市,1,宋楚瑜/余湘,3963,3.1931
屏東縣,屏東市,2,韓國瑜/張善政,48076,38.7366
屏東縣,屏東市,3,蔡英文/賴清德,72071,58.0703
屏東縣,林邊鄉,2,韓國瑜/張善政,3235,28.2459
屏東縣,林邊鄉,3,蔡英文/賴清德,7954,69.4491
屏東縣,內埔鄉,1,宋楚瑜/余湘,948,2.8051
屏東縣,內埔鄉,2,韓國瑜/張善政,10779,31.8953
屏東縣,內埔鄉,3,蔡英文/賴清德,22068,65.2996
屏東縣,牡丹鄉,1,宋楚瑜/余湘,100,3.6350
屏東縣,牡丹鄉,2,韓國瑜/張善政,2006,72.9189
屏東縣,牡丹鄉,3,蔡英文/賴清德,645,23.4460
屏東縣,九如鄉,1,宋楚瑜/余湘,360,2.5325
屏東縣,九如鄉,2,韓國瑜/張善政,3509,24.6852
屏東縣,九如鄉,3,蔡英文/賴清德,10346,72.7823
苗栗縣,苑裡鎮,1,宋楚瑜/余湘,1231,4.5029
苗栗縣,苑裡鎮,2,韓國瑜/張善政,9349,34.1978
苗栗縣,苑裡鎮,3,蔡英文/賴清德,16758,61.2993
屏東縣,枋山鄉,1,宋楚瑜/余湘,53,1.6495
屏東縣,枋山鄉,2,韓國瑜/張善政,1036,32.2440
屏東縣,枋山鄉,3,蔡英文/賴清德,2124,66.1064
屏東縣,春日鄉,1,宋楚瑜/余湘,80,2.9751
屏東縣,春日鄉,2,韓國瑜/張善政,2000,74.3771
屏東縣,春日鄉,3,蔡英文/賴清德,609,22.6478
屏東縣,麟洛鄉,1,宋楚瑜/余湘,201,2.6240
屏東縣,麟洛鄉,2,韓國瑜/張善政,2256,29.4517
屏東縣,麟洛鄉,3,蔡英文/賴清德,5203,67.9243
屏東縣,恆春鎮,1,宋楚瑜/余湘,384,2.3592
屏東縣,恆春鎮,2,韓國瑜/張善政,6620,40.6709
屏東縣,恆春鎮,3,蔡英文/賴清德,9273,56.9700
屏東縣,來義鄉,1,宋楚瑜/余湘,154,3.3996
屏東縣,來義鄉,2,韓國瑜/張善政,3375,74.5033
屏東縣,來義鄉,3,蔡英文/賴清德,1001,22.0971
屏東縣,琉球鄉,1,宋楚瑜/余湘,184,2.9440
屏東縣,琉球鄉,2,韓國瑜/張善政,3196,51.1360
屏東縣,琉球鄉,3,蔡英文/賴清德,2870,45.9200
屏東縣,鹽埔鄉,1,宋楚瑜/余湘,413,2.6390
屏東縣,鹽埔鄉,2,韓國瑜/張善政,5597,35.7636
屏東縣,鹽埔鄉,3,蔡英文/賴清德,9640,61.5974
屏東縣,萬丹鄉,1,宋楚瑜/余湘,870,2.6725
屏東縣,萬丹鄉,2,韓國瑜/張善政,9335,28.6754
屏東縣,萬丹鄉,3,蔡英文/賴清德,22349,68.6521
屏東縣,三地門鄉,1,宋楚瑜/余湘,141,2.9822
屏東縣,三地門鄉,2,韓國瑜/張善政,3348,70.8122
屏東縣,三地門鄉,3,蔡英文/賴清德,1239,26.2056
屏東縣,霧臺鄉,1,宋楚瑜/余湘,69,3.0886
屏東縣,霧臺鄉,2,韓國瑜/張善政,1496,66.9651
屏東縣,霧臺鄉,3,蔡英文/賴清德,669,29.9463
屏東縣,東港鎮,1,宋楚瑜/余湘,754,2.6262
屏東縣,東港鎮,2,韓國瑜/張善政,8169,28.4525
屏東縣,東港鎮,3,蔡英文/賴清德,19788,68.9213
屏東縣,佳冬鄉,1,宋楚瑜/余湘,219,1.8025
屏東縣,佳冬鄉,2,韓國瑜/張善政,3523,28.9959
屏東縣,佳冬鄉,3,蔡英文/賴清德,8408,69.2016
屏東縣,南州鄉,1,宋楚瑜/余湘,185,2.6527
屏東縣,南州鄉,2,韓國瑜/張善政,2067,29.6387
屏東縣,南州鄉,3,蔡英文/賴清德,4722,67.7086
宜蘭縣,宜蘭市,1,宋楚瑜/余湘,2432,4.2677
宜蘭縣,宜蘭市,2,韓國瑜/張善政,20740,36.3949
宜蘭縣,宜蘭市,3,蔡英文/賴清德,33814,59.3374
屏東縣,竹田鄉,1,宋楚瑜/余湘,252,2.2226
屏東縣,竹田鄉,2,韓國瑜/張善政,3357,29.6084
屏東縣,竹田鄉,3,蔡英文/賴清德,7729,68.1690
屏東縣,里港鄉,1,宋楚瑜/余湘,405,2.4424
屏東縣,里港鄉,2,韓國瑜/張善政,4596,27.7168
屏東縣,里港鄉,3,蔡英文/賴清德,11581,69.8408
屏東縣,獅子鄉,1,宋楚瑜/余湘,83,2.8193
屏東縣,獅子鄉,2,韓國瑜/張善政,2239,76.0530
屏東縣,獅子鄉,3,蔡英文/賴清德,622,21.1277
宜蘭縣,羅東鎮,1,宋楚瑜/余湘,1582,3.7948
宜蘭縣,羅東鎮,2,韓國瑜/張善政,13383,32.1020
宜蘭縣,羅東鎮,3,蔡英文/賴清德,26724,64.1032
宜蘭縣,蘇澳鎮,1,宋楚瑜/余湘,952,4.0069
宜蘭縣,蘇澳鎮,2,韓國瑜/張善政,7667,32.2699
宜蘭縣,蘇澳鎮,3,蔡英文/賴清德,15140,63.7232
屏東縣,長治鄉,1,宋楚瑜/余湘,557,2.8856
屏東縣,長治鄉,2,韓國瑜/張善政,6493,33.6373
屏東縣,長治鄉,3,蔡英文/賴清德,12253,63.4772
屏東縣,瑪家鄉,1,宋楚瑜/余湘,130,3.0726
屏東縣,瑪家鄉,2,韓國瑜/張善政,2989,70.6452
屏東縣,瑪家鄉,3,蔡英文/賴清德,1112,26.2822
宜蘭縣,礁溪鄉,1,宋楚瑜/余湘,896,4.0798
宜蘭縣,礁溪鄉,2,韓國瑜/張善政,6972,31.7457
宜蘭縣,礁溪鄉,3,蔡英文/賴清德,14094,64.1745
宜蘭縣,頭城鎮,1,宋楚瑜/余湘,812,4.8036
宜蘭縣,頭城鎮,2,韓國瑜/張善政,6569,38.8606
宜蘭縣,頭城鎮,3,蔡英文/賴清德,9523,56.3358
屏東縣,新埤鄉,1,宋楚瑜/余湘,173,2.7724
屏東縣,新埤鄉,2,韓國瑜/張善政,2154,34.5192
屏東縣,新埤鄉,3,蔡英文/賴清德,3913,62.7083
宜蘭縣,員山鄉,1,宋楚瑜/余湘,726,3.6624
宜蘭縣,員山鄉,2,韓國瑜/張善政,5747,28.9916
宜蘭縣,員山鄉,3,蔡英文/賴清德,13350,67.3460
屏東縣,高樹鄉,1,宋楚瑜/余湘,332,2.2003
屏東縣,高樹鄉,2,韓國瑜/張善政,3972,26.3238
屏東縣,高樹鄉,3,蔡英文/賴清德,10785,71.4759
宜蘭縣,南澳鄉,1,宋楚瑜/余湘,76,2.3884
宜蘭縣,南澳鄉,2,韓國瑜/張善政,2636,82.8410
宜蘭縣,南澳鄉,3,蔡英文/賴清德,470,14.7706
宜蘭縣,大同鄉,1,宋楚瑜/余湘,128,3.7780
宜蘭縣,大同鄉,2,韓國瑜/張善政,2568,75.7969
宜蘭縣,大同鄉,3,蔡英文/賴清德,692,20.4250
宜蘭縣,三星鄉,1,宋楚瑜/余湘,515,3.9036
宜蘭縣,三星鄉,2,韓國瑜/張善政,3853,29.2049
宜蘭縣,三星鄉,3,蔡英文/賴清德,8825,66.8915
基隆市,暖暖區,1,宋楚瑜/余湘,1306,5.5567
基隆市,暖暖區,2,韓國瑜/張善政,10660,45.3559
基隆市,暖暖區,3,蔡英文/賴清德,11537,49.0874
基隆市,中正區,1,宋楚瑜/余湘,1618,5.2118
基隆市,中正區,2,韓國瑜/張善政,13887,44.7318
基隆市,中正區,3,蔡英文/賴清德,15540,50.0564
新竹市,東區,1,宋楚瑜/余湘,6914,5.6114
新竹市,東區,2,韓國瑜/張善政,50693,41.1422
新竹市,東區,3,蔡英文/賴清德,65607,53.2464
新北市,烏來區,1,宋楚瑜/余湘,173,4.6883
新北市,烏來區,2,韓國瑜/張善政,1894,51.3279
新北市,烏來區,3,蔡英文/賴清德,1623,43.9837
宜蘭縣,壯圍鄉,1,宋楚瑜/余湘,575,3.7964
宜蘭縣,壯圍鄉,2,韓國瑜/張善政,4348,28.7072
宜蘭縣,壯圍鄉,3,蔡英文/賴清德,10223,67.4964
新竹市,香山區,1,宋楚瑜/余湘,2504,5.3000
新竹市,香山區,2,韓國瑜/張善政,16776,35.5085
新竹市,香山區,3,蔡英文/賴清德,27965,59.1914
基隆市,安樂區,1,宋楚瑜/余湘,2560,5.0698
基隆市,安樂區,2,韓國瑜/張善政,22200,43.9647
基隆市,安樂區,3,蔡英文/賴清德,25735,50.9654
基隆市,仁愛區,1,宋楚瑜/余湘,1305,5.0684
基隆市,仁愛區,2,韓國瑜/張善政,10742,41.7197
基隆市,仁愛區,3,蔡英文/賴清德,13701,53.2119
基隆市,中山區,1,宋楚瑜/余湘,1579,5.4300
基隆市,中山區,2,韓國瑜/張善政,12468,42.8763
基隆市,中山區,3,蔡英文/賴清德,15032,51.6937
基隆市,信義區,1,宋楚瑜/余湘,1695,5.0771
基隆市,信義區,2,韓國瑜/張善政,15785,47.2817
基隆市,信義區,3,蔡英文/賴清德,15905,47.6412
宜蘭縣,五結鄉,1,宋楚瑜/余湘,866,3.4305
宜蘭縣,五結鄉,2,韓國瑜/張善政,6897,27.3213
宜蘭縣,五結鄉,3,蔡英文/賴清德,17481,69.2481
基隆市,七堵區,1,宋楚瑜/余湘,1815,5.5085
基隆市,七堵區,2,韓國瑜/張善政,13618,41.3305
基隆市,七堵區,3,蔡英文/賴清德,17516,53.1609
新北市,泰山區,1,宋楚瑜/余湘,2052,4.3954
新北市,泰山區,2,韓國瑜/張善政,16715,35.8038
新北市,泰山區,3,蔡英文/賴清德,27918,59.8008
新北市,三重區,1,宋楚瑜/余湘,11087,4.5579
新北市,三重區,2,韓國瑜/張善政,78055,32.0889
新北市,三重區,3,蔡英文/賴清德,154104,63.3531
新竹市,北區,1,宋楚瑜/余湘,4685,5.1686
新竹市,北區,2,韓國瑜/張善政,35256,38.8954
新竹市,北區,3,蔡英文/賴清德,50702,55.9359
新北市,汐止區,1,宋楚瑜/余湘,5850,4.6120
新北市,中和區,1,宋楚瑜/余湘,12066,4.5644
新北市,汐止區,2,韓國瑜/張善政,53644,42.2913
新北市,汐止區,3,蔡英文/賴清德,67350,53.0967
新北市,中和區,2,韓國瑜/張善政,120502,45.5839
新北市,中和區,3,蔡英文/賴清德,131784,49.8517
新北市,平溪區,1,宋楚瑜/余湘,97,3.3810
新北市,平溪區,2,韓國瑜/張善政,1174,40.9202
新北市,平溪區,3,蔡英文/賴清德,1598,55.6988
新北市,土城區,1,宋楚瑜/余湘,6899,4.7549
新北市,土城區,2,韓國瑜/張善政,52751,36.3567
新北市,土城區,3,蔡英文/賴清德,85443,58.8884
新北市,淡水區,1,宋楚瑜/余湘,5054,4.7000
新北市,淡水區,2,韓國瑜/張善政,44807,41.6681
新北市,淡水區,3,蔡英文/賴清德,57672,53.6319
新北市,五股區,1,宋楚瑜/余湘,2391,4.5420
新北市,五股區,2,韓國瑜/張善政,17969,34.1343
新北市,五股區,3,蔡英文/賴清德,32282,61.3237
新北市,三芝區,1,宋楚瑜/余湘,512,3.7993
新北市,三芝區,2,韓國瑜/張善政,5605,41.5925
新北市,三芝區,3,蔡英文/賴清德,7359,54.6082
新北市,樹林區,1,宋楚瑜/余湘,5318,4.8274
新北市,樹林區,2,韓國瑜/張善政,38429,34.8841
新北市,樹林區,3,蔡英文/賴清德,66415,60.2885
新北市,新莊區,1,宋楚瑜/余湘,11772,4.6553
新北市,新莊區,2,韓國瑜/張善政,83491,33.0170
新北市,新莊區,3,蔡英文/賴清德,157610,62.3277
新北市,深坑區,1,宋楚瑜/余湘,617,4.1016
新北市,深坑區,2,韓國瑜/張善政,6374,42.3719
新北市,深坑區,3,蔡英文/賴清德,8052,53.5266
新北市,萬里區,1,宋楚瑜/余湘,462,3.5867
新北市,萬里區,2,韓國瑜/張善政,5206,40.4161
新北市,萬里區,3,蔡英文/賴清德,7213,55.9972
宜蘭縣,冬山鄉,1,宋楚瑜/余湘,1179,3.5587
宜蘭縣,冬山鄉,2,韓國瑜/張善政,8630,26.0489
宜蘭縣,冬山鄉,3,蔡英文/賴清德,23321,70.3924
新北市,板橋區,1,宋楚瑜/余湘,15719,4.5725
新北市,板橋區,2,韓國瑜/張善政,123922,36.0474
新北市,板橋區,3,蔡英文/賴清德,204134,59.3801
新北市,八里區,1,宋楚瑜/余湘,1083,4.6292
新北市,新店區,1,宋楚瑜/余湘,8175,4.2322
新北市,新店區,2,韓國瑜/張善政,99844,51.6893
新北市,新店區,3,蔡英文/賴清德,85143,44.0785
新北市,八里區,2,韓國瑜/張善政,8736,37.3413
新北市,八里區,3,蔡英文/賴清德,13576,58.0295
新北市,永和區,1,宋楚瑜/余湘,6286,4.5200
新北市,永和區,2,韓國瑜/張善政,69190,49.7516
新北市,永和區,3,蔡英文/賴清德,63595,45.7284
新北市,金山區,1,宋楚瑜/余湘,465,3.6266
新北市,金山區,2,韓國瑜/張善政,4693,36.6012
新北市,金山區,3,蔡英文/賴清德,7664,59.7723
新北市,蘆洲區,1,宋楚瑜/余湘,5504,4.5399
新北市,蘆洲區,2,韓國瑜/張善政,36875,30.4156
新北市,蘆洲區,3,蔡英文/賴清德,78858,65.0445
新北市,雙溪區,1,宋楚瑜/余湘,191,3.6937
新北市,雙溪區,2,韓國瑜/張善政,2165,41.8681
新北市,雙溪區,3,蔡英文/賴清德,2815,54.4382
新北市,瑞芳區,1,宋楚瑜/余湘,1023,4.3843
新北市,瑞芳區,2,韓國瑜/張善政,10072,43.1663
新北市,瑞芳區,3,蔡英文/賴清德,12238,52.4493
新北市,鶯歌區,1,宋楚瑜/余湘,2510,4.8558
新北市,貢寮區,1,宋楚瑜/余湘,234,3.3107
新北市,貢寮區,2,韓國瑜/張善政,2113,29.8953
新北市,貢寮區,3,蔡英文/賴清德,4721,66.7940
新北市,鶯歌區,2,韓國瑜/張善政,18102,35.0196
新北市,鶯歌區,3,蔡英文/賴清德,31079,60.1246
新北市,石門區,1,宋楚瑜/余湘,249,3.5791
新北市,石門區,2,韓國瑜/張善政,2871,41.2678
新北市,石門區,3,蔡英文/賴清德,3837,55.1531
新北市,坪林區,1,宋楚瑜/余湘,132,3.1564
新北市,坪林區,2,韓國瑜/張善政,1362,32.5681
新北市,坪林區,3,蔡英文/賴清德,2688,64.2755
新北市,林口區,1,宋楚瑜/余湘,3501,5.3293
新北市,林口區,2,韓國瑜/張善政,26140,39.7905
新北市,林口區,3,蔡英文/賴清德,36053,54.8802
臺南市,北區,1,宋楚瑜/余湘,3215,3.9288
臺南市,北區,2,韓國瑜/張善政,26684,32.6087
臺南市,北區,3,蔡英文/賴清德,51932,63.4625
新北市,三峽區,1,宋楚瑜/余湘,3027,4.5559
新北市,三峽區,2,韓國瑜/張善政,25338,38.1355
新北市,三峽區,3,蔡英文/賴清德,38077,57.3086
新北市,石碇區,1,宋楚瑜/余湘,171,3.5640
新北市,石碇區,2,韓國瑜/張善政,1592,33.1805
新北市,石碇區,3,蔡英文/賴清德,3035,63.2555
臺南市,柳營區,1,宋楚瑜/余湘,487,3.6015
臺南市,柳營區,2,韓國瑜/張善政,3578,26.4606
臺南市,柳營區,3,蔡英文/賴清德,9457,69.9379
臺南市,善化區,1,宋楚瑜/余湘,1021,3.3901
臺南市,善化區,2,韓國瑜/張善政,7582,25.1752
臺南市,善化區,3,蔡英文/賴清德,21514,71.4347
臺南市,新營區,1,宋楚瑜/余湘,1720,3.7225
臺南市,新營區,2,韓國瑜/張善政,15517,33.5822
臺南市,新營區,3,蔡英文/賴清德,28969,62.6953
臺南市,玉井區,1,宋楚瑜/余湘,280,3.3425
臺南市,玉井區,2,韓國瑜/張善政,3452,41.2081
臺南市,玉井區,3,蔡英文/賴清德,4645,55.4494
臺南市,楠西區,1,宋楚瑜/余湘,167,2.9500
臺南市,楠西區,2,韓國瑜/張善政,2769,48.9136
臺南市,楠西區,3,蔡英文/賴清德,2725,48.1364
臺南市,後壁區,1,宋楚瑜/余湘,447,3.0608
臺南市,後壁區,2,韓國瑜/張善政,3822,26.1709
臺南市,後壁區,3,蔡英文/賴清德,10335,70.7683
臺南市,龍崎區,1,宋楚瑜/余湘,96,3.6023
臺南市,龍崎區,2,韓國瑜/張善政,876,32.8705
臺南市,龍崎區,3,蔡英文/賴清德,1693,63.5272
臺南市,東區,1,宋楚瑜/余湘,4461,3.8961
臺南市,東區,2,韓國瑜/張善政,41044,35.8463
臺南市,東區,3,蔡英文/賴清德,68995,60.2576
臺南市,鹽水區,1,宋楚瑜/余湘,427,2.7465
臺南市,鹽水區,2,韓國瑜/張善政,4021,25.8635
臺南市,鹽水區,3,蔡英文/賴清德,11099,71.3900
臺南市,東山區,1,宋楚瑜/余湘,356,2.9831
臺南市,東山區,2,韓國瑜/張善政,3638,30.4843
臺南市,東山區,3,蔡英文/賴清德,7940,66.5326
臺南市,麻豆區,1,宋楚瑜/余湘,767,2.7083
臺南市,麻豆區,2,韓國瑜/張善政,5883,20.7733
臺南市,麻豆區,3,蔡英文/賴清德,21670,76.5184
臺南市,學甲區,1,宋楚瑜/余湘,446,2.8079
臺南市,學甲區,2,韓國瑜/張善政,3581,22.5447
臺南市,學甲區,3,蔡英文/賴清德,11857,74.6474
臺南市,歸仁區,1,宋楚瑜/余湘,1455,3.3688
臺南市,歸仁區,2,韓國瑜/張善政,11285,26.1287
臺南市,歸仁區,3,蔡英文/賴清德,30450,70.5024
臺南市,安南區,1,宋楚瑜/余湘,4307,3.6554
臺南市,安南區,2,韓國瑜/張善政,29236,24.8126
臺南市,安南區,3,蔡英文/賴清德,84284,71.5320
臺南市,安定區,1,宋楚瑜/余湘,600,3.1086
臺南市,安定區,2,韓國瑜/張善政,4706,24.3822
臺南市,安定區,3,蔡英文/賴清德,13995,72.5092
臺南市,左鎮區,1,宋楚瑜/余湘,70,2.4493
臺南市,左鎮區,2,韓國瑜/張善政,927,32.4353
臺南市,左鎮區,3,蔡英文/賴清德,1861,65.1155
臺南市,下營區,1,宋楚瑜/余湘,434,2.9416
臺南市,安平區,1,宋楚瑜/余湘,1523,3.7578
臺南市,下營區,2,韓國瑜/張善政,3987,27.0232
臺南市,安平區,2,韓國瑜/張善政,12944,31.9376
臺南市,下營區,3,蔡英文/賴清德,10333,70.0352
臺南市,安平區,3,蔡英文/賴清德,26062,64.3046
臺南市,山上區,1,宋楚瑜/余湘,139,3.0402
臺南市,山上區,2,韓國瑜/張善政,1285,28.1059
臺南市,山上區,3,蔡英文/賴清德,3148,68.8539
臺南市,永康區,1,宋楚瑜/余湘,5562,3.8659
臺南市,永康區,2,韓國瑜/張善政,44565,30.9755
臺南市,永康區,3,蔡英文/賴清德,93745,65.1586
臺南市,大內區,1,宋楚瑜/余湘,192,3.1558
臺南市,大內區,2,韓國瑜/張善政,1643,27.0053
臺南市,大內區,3,蔡英文/賴清德,4249,69.8389
臺南市,七股區,1,宋楚瑜/余湘,397,2.8770
臺南市,七股區,2,韓國瑜/張善政,3173,22.9944
臺南市,七股區,3,蔡英文/賴清德,10229,74.1286
臺南市,白河區,1,宋楚瑜/余湘,454,2.6870
臺南市,白河區,2,韓國瑜/張善政,4611,27.2905
臺南市,白河區,3,蔡英文/賴清德,11831,70.0225
臺南市,佳里區,1,宋楚瑜/余湘,1171,3.1883
臺南市,佳里區,2,韓國瑜/張善政,9486,25.8277
臺南市,佳里區,3,蔡英文/賴清德,26071,70.9840
臺南市,中西區,1,宋楚瑜/余湘,1891,3.9453
臺南市,中西區,2,韓國瑜/張善政,14708,30.6858
臺南市,中西區,3,蔡英文/賴清德,31332,65.3690
臺南市,關廟區,1,宋楚瑜/余湘,729,3.2269
臺南市,關廟區,2,韓國瑜/張善政,6082,26.9222
臺南市,關廟區,3,蔡英文/賴清德,15780,69.8508
臺南市,將軍區,1,宋楚瑜/余湘,274,2.2919
臺南市,將軍區,2,韓國瑜/張善政,2525,21.1209
臺南市,將軍區,3,蔡英文/賴清德,9156,76.5872
臺南市,西港區,1,宋楚瑜/余湘,452,2.8729
臺南市,西港區,2,韓國瑜/張善政,3445,21.8967
臺南市,西港區,3,蔡英文/賴清德,11836,75.2304
臺南市,仁德區,1,宋楚瑜/余湘,1836,3.7588
臺南市,仁德區,2,韓國瑜/張善政,14785,30.2692
臺南市,仁德區,3,蔡英文/賴清德,32224,65.9720
高雄市,彌陀區,1,宋楚瑜/余湘,453,3.6339
高雄市,彌陀區,2,韓國瑜/張善政,4151,33.2986
高雄市,彌陀區,3,蔡英文/賴清德,7862,63.0675
臺南市,官田區,1,宋楚瑜/余湘,384,2.8009
臺南市,官田區,2,韓國瑜/張善政,3186,23.2385
臺南市,官田區,3,蔡英文/賴清德,10140,73.9606
臺南市,北門區,1,宋楚瑜/余湘,147,2.2904
臺南市,北門區,2,韓國瑜/張善政,1688,26.3010
臺南市,北門區,3,蔡英文/賴清德,4583,71.4085
臺南市,六甲區,1,宋楚瑜/余湘,442,3.3057
臺南市,六甲區,2,韓國瑜/張善政,3243,24.2540
臺南市,六甲區,3,蔡英文/賴清德,9686,72.4404
高雄市,茂林區,1,宋楚瑜/余湘,20,1.7182
高雄市,茂林區,2,韓國瑜/張善政,877,75.3436
高雄市,茂林區,3,蔡英文/賴清德,267,22.9381
高雄市,杉林區,1,宋楚瑜/余湘,154,2.3009
高雄市,杉林區,2,韓國瑜/張善政,2820,42.1336
高雄市,杉林區,3,蔡英文/賴清德,3719,55.5655
高雄市,新興區,1,宋楚瑜/余湘,1072,3.2382
高雄市,新興區,2,韓國瑜/張善政,12034,36.3510
高雄市,新興區,3,蔡英文/賴清德,19999,60.4108
高雄市,林園區,1,宋楚瑜/余湘,1259,2.9017
高雄市,林園區,2,韓國瑜/張善政,12247,28.2267
高雄市,林園區,3,蔡英文/賴清德,29882,68.8716
高雄市,桃源區,1,宋楚瑜/余湘,64,2.8033
高雄市,桃源區,2,韓國瑜/張善政,1674,73.3246
高雄市,桃源區,3,蔡英文/賴清德,545,23.8721
高雄市,內門區,1,宋楚瑜/余湘,245,2.7153
高雄市,內門區,2,韓國瑜/張善政,3400,37.6815
高雄市,內門區,3,蔡英文/賴清德,5378,59.6032
高雄市,湖內區,1,宋楚瑜/余湘,665,3.4991
高雄市,湖內區,2,韓國瑜/張善政,5553,29.2186
高雄市,湖內區,3,蔡英文/賴清德,12787,67.2823
臺南市,新市區,1,宋楚瑜/余湘,774,3.3768
臺南市,新市區,2,韓國瑜/張善政,5612,24.4841
臺南市,新市區,3,蔡英文/賴清德,16535,72.1391
高雄市,楠梓區,1,宋楚瑜/余湘,3938,3.3805
高雄市,楠梓區,2,韓國瑜/張善政,41889,35.9590
高雄市,楠梓區,3,蔡英文/賴清德,70664,60.6605
臺南市,南區,1,宋楚瑜/余湘,2790,3.4268
臺南市,南區,2,韓國瑜/張善政,23551,28.9264
臺南市,南區,3,蔡英文/賴清德,55076,67.6468
高雄市,大寮區,1,宋楚瑜/余湘,2164,3.0133
高雄市,大寮區,2,韓國瑜/張善政,23000,32.0263
高雄市,大寮區,3,蔡英文/賴清德,46652,64.9605
高雄市,路竹區,1,宋楚瑜/余湘,1266,3.8832
高雄市,路竹區,2,韓國瑜/張善政,10062,30.8631
高雄市,路竹區,3,蔡英文/賴清德,21274,65.2537
高雄市,鼓山區,1,宋楚瑜/余湘,2717,3.1226
高雄市,鼓山區,2,韓國瑜/張善政,33270,38.2370
高雄市,鼓山區,3,蔡英文/賴清德,51023,58.6404
高雄市,仁武區,1,宋楚瑜/余湘,1810,3.1894
高雄市,仁武區,2,韓國瑜/張善政,17726,31.2352
高雄市,仁武區,3,蔡英文/賴清德,37214,65.5753
高雄市,小港區,1,宋楚瑜/余湘,2860,2.8965
高雄市,小港區,2,韓國瑜/張善政,31074,31.4702
高雄市,小港區,3,蔡英文/賴清德,64807,65.6333
高雄市,鳳山區,1,宋楚瑜/余湘,7295,3.2010
高雄市,鳳山區,2,韓國瑜/張善政,82432,36.1704
高雄市,鳳山區,3,蔡英文/賴清德,138172,60.6286
高雄市,那瑪夏區,1,宋楚瑜/余湘,27,1.6854
高雄市,那瑪夏區,2,韓國瑜/張善政,1145,71.4732
高雄市,那瑪夏區,3,蔡英文/賴清德,430,26.8414
高雄市,岡山區,1,宋楚瑜/余湘,2130,3.4376
高雄市,岡山區,2,韓國瑜/張善政,22257,35.9210
高雄市,岡山區,3,蔡英文/賴清德,37574,60.6414
臺南市,新化區,1,宋楚瑜/余湘,1000,3.6313
臺南市,新化區,2,韓國瑜/張善政,8446,30.6703
臺南市,新化區,3,蔡英文/賴清德,18092,65.6983
高雄市,橋頭區,1,宋楚瑜/余湘,800,3.1020
高雄市,橋頭區,2,韓國瑜/張善政,6913,26.8050
高雄市,橋頭區,3,蔡英文/賴清德,18077,70.0931
高雄市,三民區,1,宋楚瑜/余湘,6910,3.1618
高雄市,三民區,2,韓國瑜/張善政,73585,33.6707
高雄市,三民區,3,蔡英文/賴清德,138048,63.1674
高雄市,田寮區,1,宋楚瑜/余湘,124,2.5823
高雄市,田寮區,2,韓國瑜/張善政,1397,29.0920
高雄市,田寮區,3,蔡英文/賴清德,3281,68.3257
高雄市,茄萣區,1,宋楚瑜/余湘,568,2.9868
高雄市,茄萣區,2,韓國瑜/張善政,5458,28.7006
高雄市,茄萣區,3,蔡英文/賴清德,12991,68.3126
高雄市,前鎮區,1,宋楚瑜/余湘,3644,2.9918
高雄市,前鎮區,2,韓國瑜/張善政,41166,33.7986
高雄市,前鎮區,3,蔡英文/賴清德,76988,63.2096
高雄市,六龜區,1,宋楚瑜/余湘,191,2.7235
高雄市,六龜區,2,韓國瑜/張善政,2705,38.5712
高雄市,六龜區,3,蔡英文/賴清德,4117,58.7053
高雄市,阿蓮區,1,宋楚瑜/余湘,530,2.9219
高雄市,阿蓮區,2,韓國瑜/張善政,5051,27.8461
高雄市,阿蓮區,3,蔡英文/賴清德,12558,69.2320
高雄市,大社區,1,宋楚瑜/余湘,649,2.8666
高雄市,大社區,2,韓國瑜/張善政,6541,28.8913
高雄市,大社區,3,蔡英文/賴清德,15450,68.2420
高雄市,鹽埕區,1,宋楚瑜/余湘,455,2.8173
高雄市,鹽埕區,2,韓國瑜/張善政,5270,32.6316
高雄市,鹽埕區,3,蔡英文/賴清德,10425,64.5511
高雄市,美濃區,1,宋楚瑜/余湘,607,2.4515
高雄市,美濃區,2,韓國瑜/張善政,11146,45.0162
高雄市,美濃區,3,蔡英文/賴清德,13007,52.5323
高雄市,燕巢區,1,宋楚瑜/余湘,557,2.9015
高雄市,燕巢區,2,韓國瑜/張善政,6054,31.5362
高雄市,燕巢區,3,蔡英文/賴清德,12586,65.5623
高雄市,苓雅區,1,宋楚瑜/余湘,3452,3.1401
高雄市,苓雅區,2,韓國瑜/張善政,40676,37.0011
高雄市,苓雅區,3,蔡英文/賴清德,65804,59.8588
高雄市,永安區,1,宋楚瑜/余湘,293,3.2829
高雄市,永安區,2,韓國瑜/張善政,2688,30.1176
高雄市,永安區,3,蔡英文/賴清德,5944,66.5994
高雄市,前金區,1,宋楚瑜/余湘,640,3.5508
高雄市,前金區,2,韓國瑜/張善政,6641,36.8453
高雄市,前金區,3,蔡英文/賴清德,10743,59.6039
高雄市,梓官區,1,宋楚瑜/余湘,716,3.0497
高雄市,梓官區,2,韓國瑜/張善政,6471,27.5620
高雄市,梓官區,3,蔡英文/賴清德,16291,69.3884
高雄市,鳥松區,1,宋楚瑜/余湘,967,3.2005
高雄市,鳥松區,2,韓國瑜/張善政,10100,33.4282
高雄市,鳥松區,3,蔡英文/賴清德,19147,63.3713
高雄市,左營區,1,宋楚瑜/余湘,4098,3.3731
高雄市,左營區,2,韓國瑜/張善政,50728,41.7545
高雄市,左營區,3,蔡英文/賴清德,66665,54.8724
南投縣,集集鎮,1,宋楚瑜/余湘,301,4.5324
高雄市,旗山區,1,宋楚瑜/余湘,722,3.1434
南投縣,集集鎮,2,韓國瑜/張善政,2975,44.7975
高雄市,旗山區,2,韓國瑜/張善政,7962,34.6641
南投縣,集集鎮,3,蔡英文/賴清德,3365,50.6701
高雄市,旗山區,3,蔡英文/賴清德,14285,62.1925
南投縣,埔里鎮,1,宋楚瑜/余湘,2070,4.3310
南投縣,埔里鎮,2,韓國瑜/張善政,22664,47.4192
南投縣,埔里鎮,3,蔡英文/賴清德,23061,48.2498
高雄市,甲仙區,1,宋楚瑜/余湘,96,2.7050
高雄市,甲仙區,2,韓國瑜/張善政,1698,47.8445
高雄市,甲仙區,3,蔡英文/賴清德,1755,49.4505
南投縣,仁愛鄉,1,宋楚瑜/余湘,280,3.4096
高雄市,大樹區,1,宋楚瑜/余湘,724,2.6321
南投縣,仁愛鄉,2,韓國瑜/張善政,6247,76.0716
南投縣,仁愛鄉,3,蔡英文/賴清德,1685,20.5188
高雄市,大樹區,2,韓國瑜/張善政,8218,29.8760
高雄市,大樹區,3,蔡英文/賴清德,18565,67.4919
南投縣,竹山鎮,1,宋楚瑜/余湘,1175,3.6450
南投縣,竹山鎮,2,韓國瑜/張善政,13326,41.3389
南投縣,竹山鎮,3,蔡英文/賴清德,17735,55.0161
高雄市,旗津區,1,宋楚瑜/余湘,427,2.3869
高雄市,旗津區,2,韓國瑜/張善政,4817,26.9272
高雄市,旗津區,3,蔡英文/賴清德,12645,70.6859
南投縣,南投市,1,宋楚瑜/余湘,3077,5.0711
南投縣,南投市,2,韓國瑜/張善政,26690,43.9870
南投縣,南投市,3,蔡英文/賴清德,30910,50.9419
南投縣,魚池鄉,1,宋楚瑜/余湘,397,4.2243
南投縣,魚池鄉,2,韓國瑜/張善政,4154,44.2009
南投縣,魚池鄉,3,蔡英文/賴清德,4847,51.5748
南投縣,草屯鎮,1,宋楚瑜/余湘,2972,4.8927
南投縣,草屯鎮,2,韓國瑜/張善政,24975,41.1158
南投縣,草屯鎮,3,蔡英文/賴清德,32796,53.9914
南投縣,信義鄉,1,宋楚瑜/余湘,320,3.7816
南投縣,信義鄉,2,韓國瑜/張善政,5246,61.9948
南投縣,信義鄉,3,蔡英文/賴清德,2896,34.2236
南投縣,中寮鄉,1,宋楚瑜/余湘,396,4.3976
南投縣,中寮鄉,2,韓國瑜/張善政,3760,41.7546
南投縣,中寮鄉,3,蔡英文/賴清德,4849,53.8479
臺東縣,蘭嶼鄉,1,宋楚瑜/余湘,155,9.1988
臺東縣,蘭嶼鄉,2,韓國瑜/張善政,1008,59.8220
臺東縣,蘭嶼鄉,3,蔡英文/賴清德,522,30.9792
南投縣,國姓鄉,1,宋楚瑜/余湘,499,4.4657
南投縣,國姓鄉,2,韓國瑜/張善政,5459,48.8545
南投縣,國姓鄉,3,蔡英文/賴清德,5216,46.6798
南投縣,名間鄉,1,宋楚瑜/余湘,973,4.1537
南投縣,名間鄉,2,韓國瑜/張善政,8306,35.4578
南投縣,名間鄉,3,蔡英文/賴清德,14146,60.3885
南投縣,水里鄉,1,宋楚瑜/余湘,441,4.2849
南投縣,水里鄉,2,韓國瑜/張善政,4810,46.7353
南投縣,水里鄉,3,蔡英文/賴清德,5041,48.9798
南投縣,鹿谷鄉,1,宋楚瑜/余湘,414,3.7324
南投縣,鹿谷鄉,2,韓國瑜/張善政,5179,46.6913
南投縣,鹿谷鄉,3,蔡英文/賴清德,5499,49.5763
臺東縣,成功鎮,1,宋楚瑜/余湘,212,3.1062
臺東縣,關山鎮,1,宋楚瑜/余湘,173,3.7617
臺東縣,成功鎮,2,韓國瑜/張善政,4677,68.5275
臺東縣,成功鎮,3,蔡英文/賴清德,1936,28.3663
臺東縣,關山鎮,2,韓國瑜/張善政,2662,57.8821
臺東縣,關山鎮,3,蔡英文/賴清德,1764,38.3562
臺東縣,金峰鄉,1,宋楚瑜/余湘,58,2.6557
臺東縣,金峰鄉,2,韓國瑜/張善政,1785,81.7308
臺東縣,金峰鄉,3,蔡英文/賴清德,341,15.6136
臺東縣,達仁鄉,1,宋楚瑜/余湘,61,3.1721
臺東縣,達仁鄉,2,韓國瑜/張善政,1510,78.5231
臺東縣,達仁鄉,3,蔡英文/賴清德,352,18.3047
臺東縣,綠島鄉,1,宋楚瑜/余湘,49,2.7762
臺東縣,綠島鄉,2,韓國瑜/張善政,1189,67.3654
臺東縣,綠島鄉,3,蔡英文/賴清德,527,29.8584
臺東縣,海端鄉,1,宋楚瑜/余湘,63,3.3175
臺東縣,海端鄉,2,韓國瑜/張善政,1439,75.7767
臺東縣,海端鄉,3,蔡英文/賴清德,397,20.9057
臺東縣,卑南鄉,1,宋楚瑜/余湘,331,3.4368
臺東縣,卑南鄉,2,韓國瑜/張善政,5338,55.4252
臺東縣,卑南鄉,3,蔡英文/賴清德,3962,41.1380
臺東縣,長濱鄉,1,宋楚瑜/余湘,106,3.0967
臺東縣,長濱鄉,2,韓國瑜/張善政,2307,67.3970
臺東縣,長濱鄉,3,蔡英文/賴清德,1010,29.5063
臺東縣,池上鄉,1,宋楚瑜/余湘,149,3.6077
臺東縣,池上鄉,2,韓國瑜/張善政,2213,53.5835
臺東縣,池上鄉,3,蔡英文/賴清德,1768,42.8087
臺東縣,臺東市,1,宋楚瑜/余湘,2201,3.7578
臺東縣,臺東市,2,韓國瑜/張善政,31473,53.7339
臺東縣,臺東市,3,蔡英文/賴清德,24898,42.5084
臺東縣,太麻里鄉,1,宋楚瑜/余湘,196,3.2100
臺東縣,太麻里鄉,2,韓國瑜/張善政,3632,59.4825
臺東縣,太麻里鄉,3,蔡英文/賴清德,2278,37.3076
臺東縣,大武鄉,1,宋楚瑜/余湘,75,2.6242
臺東縣,大武鄉,2,韓國瑜/張善政,1928,67.4598
臺東縣,大武鄉,3,蔡英文/賴清德,855,29.9160
澎湖縣,七美鄉,1,宋楚瑜/余湘,90,7.5188
澎湖縣,七美鄉,2,韓國瑜/張善政,610,50.9607
澎湖縣,七美鄉,3,蔡英文/賴清德,497,41.5205
澎湖縣,白沙鄉,1,宋楚瑜/余湘,169,3.9248
澎湖縣,白沙鄉,2,韓國瑜/張善政,1896,44.0316
澎湖縣,白沙鄉,3,蔡英文/賴清德,2241,52.0437
臺東縣,鹿野鄉,1,宋楚瑜/余湘,128,3.1045
臺東縣,鹿野鄉,2,韓國瑜/張善政,2240,54.3294
臺東縣,鹿野鄉,3,蔡英文/賴清德,1755,42.5661
臺東縣,延平鄉,1,宋楚瑜/余湘,49,2.7177
臺東縣,延平鄉,2,韓國瑜/張善政,1348,74.7643
臺東縣,延平鄉,3,蔡英文/賴清德,406,22.5180
澎湖縣,西嶼鄉,1,宋楚瑜/余湘,177,4.6925
澎湖縣,西嶼鄉,2,韓國瑜/張善政,1555,41.2248
澎湖縣,西嶼鄉,3,蔡英文/賴清德,2040,54.0827
臺東縣,東河鄉,1,宋楚瑜/余湘,157,3.7904
臺東縣,東河鄉,2,韓國瑜/張善政,2664,64.3168
臺東縣,東河鄉,3,蔡英文/賴清德,1321,31.8928
澎湖縣,望安鄉,1,宋楚瑜/余湘,89,5.7088
澎湖縣,望安鄉,2,韓國瑜/張善政,542,34.7659
澎湖縣,望安鄉,3,蔡英文/賴清德,928,59.5253
彰化縣,鹿港鎮,1,宋楚瑜/余湘,2325,4.6078
彰化縣,鹿港鎮,2,韓國瑜/張善政,17172,34.0323
彰化縣,鹿港鎮,3,蔡英文/賴清德,30961,61.3599
澎湖縣,湖西鄉,1,宋楚瑜/余湘,394,5.2317
澎湖縣,湖西鄉,2,韓國瑜/張善政,2636,35.0020
澎湖縣,湖西鄉,3,蔡英文/賴清德,4501,59.7663
臺中市,太平區,1,宋楚瑜/余湘,5708,4.9737
臺中市,太平區,2,韓國瑜/張善政,43313,37.7409
臺中市,太平區,3,蔡英文/賴清德,65743,57.2854
臺中市,中區,1,宋楚瑜/余湘,442,4.3945
臺中市,中區,2,韓國瑜/張善政,3823,38.0095
臺中市,中區,3,蔡英文/賴清德,5793,57.5959
臺中市,大里區,1,宋楚瑜/余湘,6541,5.1807
臺中市,大里區,2,韓國瑜/張善政,44782,35.4686
臺中市,大里區,3,蔡英文/賴清德,74935,59.3507
臺中市,和平區,1,宋楚瑜/余湘,234,3.6290
臺中市,和平區,2,韓國瑜/張善政,4097,63.5391
臺中市,和平區,3,蔡英文/賴清德,2117,32.8319
澎湖縣,馬公市,1,宋楚瑜/余湘,1664,5.1139
澎湖縣,馬公市,2,韓國瑜/張善政,13672,42.0173
澎湖縣,馬公市,3,蔡英文/賴清德,17203,52.8689
臺中市,西屯區,1,宋楚瑜/余湘,6950,5.0950
臺中市,西屯區,2,韓國瑜/張善政,54982,40.3073
臺中市,西屯區,3,蔡英文/賴清德,74475,54.5976
臺中市,豐原區,1,宋楚瑜/余湘,4940,4.8053
臺中市,豐原區,2,韓國瑜/張善政,36221,35.2334
臺中市,豐原區,3,蔡英文/賴清德,61642,59.9613
臺中市,南區,1,宋楚瑜/余湘,4025,5.1863
臺中市,南區,2,韓國瑜/張善政,29485,37.9922
臺中市,新社區,1,宋楚瑜/余湘,668,4.3979
臺中市,西區,1,宋楚瑜/余湘,3366,4.8036
臺中市,西區,2,韓國瑜/張善政,26998,38.5289
臺中市,西區,3,蔡英文/賴清德,39708,56.6674
臺中市,南區,3,蔡英文/賴清德,44098,56.8215
臺中市,新社區,2,韓國瑜/張善政,6290,41.4115
臺中市,新社區,3,蔡英文/賴清德,8231,54.1905
臺中市,烏日區,1,宋楚瑜/余湘,2378,5.1342
臺中市,烏日區,2,韓國瑜/張善政,17101,36.9216
臺中市,烏日區,3,蔡英文/賴清德,26838,57.9442
臺中市,北區,1,宋楚瑜/余湘,4341,4.7914
臺中市,北區,2,韓國瑜/張善政,37248,41.1126
臺中市,北區,3,蔡英文/賴清德,49011,54.0960
臺中市,大肚區,1,宋楚瑜/余湘,1842,5.2450
臺中市,大肚區,2,韓國瑜/張善政,13345,37.9994
臺中市,大肚區,3,蔡英文/賴清德,19932,56.7556
臺中市,神岡區,1,宋楚瑜/余湘,1930,4.7001
臺中市,神岡區,2,韓國瑜/張善政,13290,32.3649
臺中市,神岡區,3,蔡英文/賴清德,25843,62.9350
臺中市,后里區,1,宋楚瑜/余湘,1716,5.1068
臺中市,后里區,2,韓國瑜/張善政,12882,38.3370
臺中市,后里區,3,蔡英文/賴清德,19004,56.5562
臺中市,北屯區,1,宋楚瑜/余湘,8468,4.9544
臺中市,北屯區,2,韓國瑜/張善政,69589,40.7146
臺中市,北屯區,3,蔡英文/賴清德,92862,54.3310
臺中市,石岡區,1,宋楚瑜/余湘,444,4.7064
臺中市,石岡區,2,韓國瑜/張善政,4052,42.9510
臺中市,石岡區,3,蔡英文/賴清德,4938,52.3426
臺中市,龍井區,1,宋楚瑜/余湘,2487,5.3490
臺中市,大雅區,1,宋楚瑜/余湘,2881,5.0011
臺中市,龍井區,2,韓國瑜/張善政,16827,36.1910
臺中市,龍井區,3,蔡英文/賴清德,27181,58.4600
臺中市,大雅區,2,韓國瑜/張善政,21934,38.0752
臺中市,大雅區,3,蔡英文/賴清德,32792,56.9236
臺中市,東勢區,1,宋楚瑜/余湘,1337,4.3114
臺中市,東勢區,2,韓國瑜/張善政,14329,46.2062
臺中市,東勢區,3,蔡英文/賴清德,15345,49.4824
臺中市,霧峰區,1,宋楚瑜/余湘,2132,5.2128
臺中市,霧峰區,2,韓國瑜/張善政,15587,38.1110
臺中市,霧峰區,3,蔡英文/賴清德,23180,56.6762
臺中市,外埔區,1,宋楚瑜/余湘,961,4.9419
臺中市,外埔區,2,韓國瑜/張善政,7955,40.9082
臺中市,外埔區,3,蔡英文/賴清德,10530,54.1500
臺中市,南屯區,1,宋楚瑜/余湘,5261,5.1354
臺中市,南屯區,2,韓國瑜/張善政,39433,38.4915
臺中市,南屯區,3,蔡英文/賴清德,57752,56.3731
臺中市,大安區,1,宋楚瑜/余湘,498,4.2857
臺中市,大安區,2,韓國瑜/張善政,4237,36.4630
臺中市,大安區,3,蔡英文/賴清德,6885,59.2513
臺中市,大甲區,1,宋楚瑜/余湘,2179,4.8479
臺中市,大甲區,2,韓國瑜/張善政,16136,35.9001
臺中市,大甲區,3,蔡英文/賴清德,26632,59.2520
臺中市,沙鹿區,1,宋楚瑜/余湘,3176,5.6755
臺中市,沙鹿區,2,韓國瑜/張善政,20587,36.7888
臺中市,沙鹿區,3,蔡英文/賴清德,32197,57.5357
臺中市,東區,1,宋楚瑜/余湘,2251,4.7092
臺中市,東區,2,韓國瑜/張善政,17435,36.4749
臺中市,東區,3,蔡英文/賴清德,28114,58.8159
臺中市,清水區,1,宋楚瑜/余湘,2497,4.7914
臺中市,清水區,2,韓國瑜/張善政,17746,34.0523
臺中市,清水區,3,蔡英文/賴清德,31871,61.1563
臺中市,潭子區,1,宋楚瑜/余湘,3424,5.0859
臺中市,潭子區,2,韓國瑜/張善政,24947,37.0551
臺中市,潭子區,3,蔡英文/賴清德,38953,57.8590
臺中市,梧棲區,1,宋楚瑜/余湘,1723,5.0469
臺中市,梧棲區,2,韓國瑜/張善政,11715,34.3146
臺中市,梧棲區,3,蔡英文/賴清德,20702,60.6385
臺南市,南化區,1,宋楚瑜/余湘,162,3.1184
臺南市,南化區,2,韓國瑜/張善政,2136,41.1165
臺南市,南化區,3,蔡英文/賴清德,2897,55.7652
